{"step": 3489, "episode": 20, "duration": 10.61791317799998, "episode_steps": 258, "sps": 24.29855995946254, "episode_reward": 15392.867719884507, "reward_mean": 59.66227798404848, "reward_min": 1.0098280385676455, "reward_max": 1061.0697329880866, "action_mean": 1.441860465116279, "action_min": 0, "action_max": 3, "Game Length": 258, "My Kore (at end) ": 2494.4674999999997, "Kore Delta (at end)": 679.1024999999995, "My Shipyard Count (at end)": 0, "Opponent Shipyard Count (at end)": 2, "Won": 0, "Actions": {"_type": "histogram", "values": [0.8527131782945736, 0.0, 0.0, 0.9302325581395348, 0.0, 0.0, 0.7751937984496118, 0.0, 0.0, 0.7751937984496118], "bins": [0.0, 0.3, 0.6, 0.8999999999999999, 1.2, 1.5, 1.7999999999999998, 2.1, 2.4, 2.6999999999999997, 3.0]}, "loss": 30.493392078693095, "mae": 35.337627205481894, "mean_q": 74.62602474506085, "mean_eps": 0.96976, "_timestamp": 1654107269, "_runtime": 148, "_step": 19}