{"Train Accuracy": 1.0, "Test Accuracy": 1.0, "Train Loss": 1.032209752338531e-06, "Test Loss": 3.2186488851948525e-07, "_timestamp": 1659582080, "_runtime": 60, "_step": 17, "_wandb": {"runtime": 56}}