{"Train Accuracy": 0.7176470588235294, "Test Accuracy": 0.8, "Train Loss": 7.074972152709961, "Test Loss": 3.1546382904052734, "_timestamp": 1659584712, "_runtime": 9, "_step": 0, "_wandb": {"runtime": 9}}