{"train loss from loop": 10.99664306640625, "_timestamp": 1659592604, "_runtime": 31, "_step": 2, "Train Accuracy": 0.5882352941176471, "Test Accuracy": 0.4, "Train Loss": 19.66733741760254, "Test Loss": 21.935596466064453, "_wandb": {"runtime": 27}}